{"cameraMode":{"drawMode":0,"name":"Shaded","section":"Shading Mode"},"sceneLighting":true,"audioPlay":false,"sceneViewState":{"showFog":true,"showMaterialUpdate":false,"showSkybox":true,"showFlares":true,"showImageEffects":true,"showParticleSystems":true},"in2DMode":false,"pivot":{"x":-0.2909708023071289,"y":1.4743231534957886,"z":-2.538665771484375},"rotation":{"x":-0.055810075253248218,"y":-0.8462160229682922,"z":0.09084349870681763,"w":-0.5222966074943543},"size":4.883553981781006,"orthographic":false}