{"cameraMode":{"drawMode":0,"name":"Shaded","section":"Shading Mode"},"sceneLighting":false,"audioPlay":false,"sceneViewState":{"showFog":true,"showMaterialUpdate":false,"showSkybox":false,"showFlares":true,"showImageEffects":true,"showParticleSystems":true},"in2DMode":false,"pivot":{"x":15.57213020324707,"y":3.142977237701416,"z":0.4025864601135254},"rotation":{"x":0.19783928990364076,"y":0.7999864220619202,"z":-0.3662222623825073,"w":0.43216660618782046},"size":10.042860984802246,"orthographic":false}