{"cameraMode":{"drawMode":0,"name":"Shaded","section":"Shading Mode"},"sceneLighting":true,"audioPlay":false,"sceneViewState":{"showFog":true,"showMaterialUpdate":false,"showSkybox":false,"showFlares":true,"showImageEffects":true,"showParticleSystems":true},"in2DMode":false,"pivot":{"x":0.0784946084022522,"y":4.668479919433594,"z":14.80623722076416},"rotation":{"x":-0.06324281543493271,"y":-0.027842842042446138,"z":0.0017640539444983006,"w":-0.9976111054420471},"size":12.122514724731446,"orthographic":false}