{"cameraMode":{"drawMode":0,"name":"Shaded","section":"Shading Mode"},"sceneLighting":true,"audioPlay":false,"sceneViewState":{"showFog":true,"showMaterialUpdate":false,"showSkybox":true,"showFlares":true,"showImageEffects":true,"showParticleSystems":true},"in2DMode":false,"pivot":{"x":0.7826800346374512,"y":1.679999828338623,"z":12.15999984741211},"rotation":{"x":-0.19198505580425263,"y":-0.248024120926857,"z":0.050463344901800159,"w":-0.9483350515365601},"size":8.791186332702637,"orthographic":false}