{"cameraMode":{"drawMode":0,"name":"Shaded","section":"Shading Mode"},"sceneLighting":false,"audioPlay":false,"sceneViewState":{"showFog":true,"showMaterialUpdate":false,"showSkybox":false,"showFlares":true,"showImageEffects":true,"showParticleSystems":true},"in2DMode":false,"pivot":{"x":11.612510681152344,"y":-4.071072101593018,"z":56.37904739379883},"rotation":{"x":-0.06387098878622055,"y":-0.6643463969230652,"z":0.05714685097336769,"w":-0.742500901222229},"size":40.139461517333987,"orthographic":false}